time,tps,users,response,errors,cpu,memory
1713086841000000000,20,3,159.0,0.0,0.0182539965016247,427324848
1713086842000000000,20,2,159.0,0.0,0.0182539965016247,427324848
1713086844000000000,20,1,95.9,0.0,0.0182539965016247,427324848
1713086845000000000,20,2,93.2,0.0,0.018760625693494,427324848
1713086846000000000,19,1,83.5,0.0,0.018760625693494,427324848
1713086847000000000,20,2,85.0,0.0,0.018760625693494,427324848
1713086848000000000,19,2,95.7,0.0,0.018760625693494,427324848
1713086851000000000,20,2,95.1,0.0,0.018760625693494,427324848
1713086852000000000,20,1,101.0,0.0,0.018760625693494,427324848
1713086853000000000,20,2,96.4,0.0,0.018760625693494,427324848
1713086854000000000,19,2,96.4,0.0,0.018760625693494,427324848
1713086855000000000,20,2,92.4,0.0,0.018760625693494,427324848
1713086857000000000,19,2,95.4,0.0,0.018760625693494,427324848
1713086858000000000,19,2,95.4,0.0,0.018760625693494,427324848
1713086859000000000,19,2,102.0,0.0,0.018760625693494,427324848
1713086860000000000,19,2,99.5,0.0,0.018760625693494,427324848
1713086861000000000,19,2,96.4,0.0,0.018760625693494,427324848
1713086862000000000,20,2,98.6,0.0,0.018760625693494,427324848
1713086863000000000,19,1,136.0,0.0,0.018760625693494,427324848
1713086864000000000,19,2,115.0,0.0,0.018760625693494,427324848
1713086865000000000,20,2,96.1,0.0,0.9933844756879452,426187273
1713086866000000000,19,1,91.6,0.0,0.9933844756879452,426187273
1713086867000000000,18,2,97.5,0.0,0.9933844756879452,426187273
1713086870000000000,19,2,94.4,0.0,0.9933844756879452,426187273
1713086871000000000,20,2,109.0,0.0,0.9933844756879452,426187273
1713086872000000000,20,2,108.0,0.0,0.9933844756879452,426187273
1713086874000000000,20,2,102.0,0.0,0.9933844756879452,426187273
1713086875000000000,20,1,103.0,0.0,1.280183113765942,445877004
1713086876000000000,20,2,99.3,0.0,1.280183113765942,445877004
1713086879000000000,19,2,101.0,0.0,1.280183113765942,445877004
1713086880000000000,19,1,89.4,0.0,1.280183113765942,445877004
1713086881000000000,19,2,127.0,0.0,1.280183113765942,445877004
1713086882000000000,20,2,110.0,0.0,1.280183113765942,445877004
1713086885000000000,19,1,98.9,0.0,1.280183113765942,445877004
1713086886000000000,19,3,97.5,0.0,1.280183113765942,445877004
1713086887000000000,20,2,95.4,0.0,1.280183113765942,445877004
1713086888000000000,19,2,94.2,0.0,1.280183113765942,445877004
1713086889000000000,20,1,97.5,0.0,1.280183113765942,445877004
1713086891000000000,19,1,90.4,0.0,1.280183113765942,445877004
1713086892000000000,19,1,87.5,0.0,1.280183113765942,445877004
1713086893000000000,20,2,88.1,0.0,1.280183113765942,445877004
1713086894000000000,19,2,99.3,0.0,1.280183113765942,445877004
1713086895000000000,19,2,97.1,0.0,1.339678991503218,415896656
1713086897000000000,19,1,104.0,0.0,1.339678991503218,415896656
1713086898000000000,20,2,102.0,0.0,1.339678991503218,415896656
1713086899000000000,19,2,98.0,0.0,1.339678991503218,415896656
1713086901000000000,20,2,108.0,0.0,1.339678991503218,415896656
1713086902000000000,19,2,103.0,0.0,1.339678991503218,415896656
1713086903000000000,19,2,111.0,0.0,1.339678991503218,415896656
1713086905000000000,20,2,85.2,0.0,1.255222031455105,456171655
1713086906000000000,20,2,88.9,0.0,1.255222031455105,456171655
1713086909000000000,19,1,88.6,0.0,1.255222031455105,456171655
1713086910000000000,19,2,85.8,0.0,1.255222031455105,456171655
1713086912000000000,20,2,92.9,0.0,1.255222031455105,456171655
1713086913000000000,19,2,101.0,0.0,1.255222031455105,456171655
1713086914000000000,20,2,96.4,0.0,1.255222031455105,456171655
1713086917000000000,19,2,99.7,0.0,1.255222031455105,456171655
1713086918000000000,20,2,98.6,0.0,1.255222031455105,456171655
1713086919000000000,19,2,103.0,0.0,1.255222031455105,456171655
1713086922000000000,20,2,94.4,0.0,1.255222031455105,456171655
1713086923000000000,20,2,97.1,0.0,1.255222031455105,456171655
1713086924000000000,19,1,97.5,0.0,1.255222031455105,456171655
1713086925000000000,20,2,94.4,0.0,1.315031913185329,416784125
1713086927000000000,20,2,97.1,0.0,1.315031913185329,416784125
1713086928000000000,20,2,97.1,0.0,1.315031913185329,416784125
1713086929000000000,19,2,108.0,0.0,1.315031913185329,416784125
1713086930000000000,20,2,102.0,0.0,1.315031913185329,416784125
1713086931000000000,20,2,111.0,0.0,1.315031913185329,416784125
1713086934000000000,20,2,91.2,0.0,1.315031913185329,416784125
1713086935000000000,20,1,105.0,0.0,1.319107809172962,398409464
1713086936000000000,19,2,102.0,0.0,1.319107809172962,398409464
1713086937000000000,20,2,115.0,0.0,1.319107809172962,398409464
1713086938000000000,20,2,102.0,0.0,1.319107809172962,398409464
1713086939000000000,19,2,116.0,0.0,1.319107809172962,398409464
1713086940000000000,20,2,103.0,0.0,1.319107809172962,398409464
1713086941000000000,20,1,103.0,0.0,1.319107809172962,398409464
1713086942000000000,17,1,117.0,0.0,1.319107809172962,398409464
1713086944000000000,20,2,113.0,0.0,1.319107809172962,398409464
1713086945000000000,19,1,107.0,0.0,1.319107809172962,398409464
1713086946000000000,20,2,110.0,0.0,1.319107809172962,398409464
1713086947000000000,19,2,94.4,0.0,1.319107809172962,398409464
1713086950000000000,19,2,102.0,0.0,1.319107809172962,398409464
1713086951000000000,20,1,96.4,0.0,1.319107809172962,398409464
1713086952000000000,18,1,101.0,0.0,1.319107809172962,398409464
1713086953000000000,20,3,109.0,0.0,1.319107809172962,398409464
1713086956000000000,20,2,93.7,0.0,1.324048378095988,421927417
1713086957000000000,20,2,101.0,0.0,1.324048378095988,421927417
1713086958000000000,20,1,99.3,0.0,1.324048378095988,421927417
1713086960000000000,19,2,99.0,0.0,1.324048378095988,421927417
1713086961000000000,20,2,102.0,0.0,1.324048378095988,421927417
1713086963000000000,20,2,96.4,0.0,1.324048378095988,421927417
1713086964000000000,20,2,102.0,0.0,1.324048378095988,421927417
1713086965000000000,20,2,115.0,0.0,1.341298280584682,388272136
1713086966000000000,20,2,104.0,0.0,1.341298280584682,388272136
1713086967000000000,20,2,104.0,0.0,1.341298280584682,388272136
1713086968000000000,19,2,96.9,0.0,1.341298280584682,388272136
1713086969000000000,19,2,96.9,0.0,1.341298280584682,388272136
1713086970000000000,20,2,106.0,0.0,1.341298280584682,388272136
1713086971000000000,20,2,99.3,0.0,1.341298280584682,388272136
1713086972000000000,20,1,91.1,0.0,1.341298280584682,388272136
1713086973000000000,19,2,91.7,0.0,1.341298280584682,388272136
1713086974000000000,20,2,95.4,0.0,1.341298280584682,388272136
1713086976000000000,20,2,98.6,0.0,1.341298280584682,388272136
1713086977000000000,20,2,110.0,0.0,1.341298280584682,388272136
1713086979000000000,21,3,106.0,0.0,1.341298280584682,388272136
1713086980000000000,21,2,106.0,0.0,1.341298280584682,388272136
1713086982000000000,20,2,103.0,0.0,1.341298280584682,388272136
1713086983000000000,20,1,105.0,0.0,1.341298280584682,388272136
1713086984000000000,19,2,103.0,0.0,1.341298280584682,388272136
1713086985000000000,19,2,105.0,0.0,1.325629385316331,379937987
1713086986000000000,20,1,99.3,0.0,1.325629385316331,379937987
1713086987000000000,19,1,98.2,0.0,1.325629385316331,379937987
1713086988000000000,20,1,96.8,0.0,1.325629385316331,379937987
1713086989000000000,20,2,105.0,0.0,1.325629385316331,379937987
1713086990000000000,20,1,85.6,0.0,1.325629385316331,379937987
1713086992000000000,19,2,90.4,0.0,1.325629385316331,379937987
1713086993000000000,19,2,90.4,0.0,1.325629385316331,379937987
1713086995000000000,20,2,87.0,0.0,1.330033524472777,404520904
1713086996000000000,20,1,85.8,0.0,1.330033524472777,404520904
1713086998000000000,20,2,95.5,0.0,1.330033524472777,404520904
1713086999000000000,20,2,106.0,0.0,1.330033524472777,404520904
1713087000000000000,20,2,109.0,0.0,1.330033524472777,404520904
1713087001000000000,18,2,113.0,0.0,1.330033524472777,404520904
1713087002000000000,21,3,107.0,0.0,1.330033524472777,404520904
1713087004000000000,20,2,94.4,0.0,1.330033524472777,404520904
1713087005000000000,18,2,96.1,0.0,1.330033524472777,404520904
1713087006000000000,21,2,98.6,0.0,1.330033524472777,404520904
1713087007000000000,20,1,111.0,0.0,1.330033524472777,404520904
1713087008000000000,19,2,115.0,0.0,1.330033524472777,404520904
1713087010000000000,19,1,97.1,0.0,1.330033524472777,404520904
1713087011000000000,19,1,97.1,0.0,1.330033524472777,404520904
1713087013000000000,20,2,119.0,0.0,1.330033524472777,404520904
1713087014000000000,20,2,91.1,0.0,1.330033524472777,404520904
1713087016000000000,18,2,155.0,0.0,1.314141009873027,398788655
1713087017000000000,18,4,170.0,0.0,1.314141009873027,398788655
1713087019000000000,20,4,221.0,0.0,1.314141009873027,398788655
1713087020000000000,20,3,216.0,0.0,1.314141009873027,398788655
1713087021000000000,23,5,141.0,0.0,1.314141009873027,398788655
1713087022000000000,23,3,141.0,0.0,1.314141009873027,398788655
1713087023000000000,20,2,96.4,0.0,1.314141009873027,398788655
1713087024000000000,20,2,96.4,0.0,1.314141009873027,398788655
1713087025000000000,20,2,101.0,0.0,1.329247866299528,414367787
1713087026000000000,20,1,101.0,0.0,1.329247866299528,414367787
1713087028000000000,20,2,86.9,0.0,1.329247866299528,414367787
1713087029000000000,19,2,86.9,0.0,1.329247866299528,414367787
1713087030000000000,20,1,86.6,0.0,1.329247866299528,414367787
1713087031000000000,19,2,104.0,0.0,1.329247866299528,414367787
1713087032000000000,19,2,97.5,0.0,1.329247866299528,414367787
1713087033000000000,20,2,113.0,0.0,1.329247866299528,414367787
1713087034000000000,19,2,104.0,0.0,1.329247866299528,414367787
1713087036000000000,19,2,113.0,0.0,1.329247866299528,414367787
1713087037000000000,19,2,113.0,0.0,1.329247866299528,414367787
1713087039000000000,21,2,107.0,0.0,1.329247866299528,414367787
1713087040000000000,20,1,96.4,0.0,1.329247866299528,414367787
1713087041000000000,21,2,93.2,0.0,1.329247866299528,414367787
1713087042000000000,19,1,92.4,0.0,1.329247866299528,414367787
1713087044000000000,21,2,102.0,0.0,1.329247866299528,414367787
1713087045000000000,21,1,102.0,0.0,1.298606022939258,399526869
1713087046000000000,20,2,87.2,0.0,1.298606022939258,399526869
1713087047000000000,20,2,87.1,0.0,1.298606022939258,399526869
1713087049000000000,20,2,82.0,0.0,1.298606022939258,399526869
1713087050000000000,19,1,90.4,0.0,1.298606022939258,399526869
1713087051000000000,19,2,92.9,0.0,1.298606022939258,399526869
1713087052000000000,20,2,102.0,0.0,1.298606022939258,399526869
1713087053000000000,19,2,106.0,0.0,1.298606022939258,399526869
1713087054000000000,20,2,107.0,0.0,1.298606022939258,399526869
1713087055000000000,20,2,96.4,0.0,1.325391397788108,402592674
1713087056000000000,19,2,87.5,0.0,1.325391397788108,402592674
1713087057000000000,19,1,101.0,0.0,1.325391397788108,402592674
1713087058000000000,20,1,93.7,0.0,1.325391397788108,402592674
1713087059000000000,19,2,88.4,0.0,1.325391397788108,402592674
1713087060000000000,19,2,96.9,0.0,1.325391397788108,402592674
1713087061000000000,20,2,95.9,0.0,1.325391397788108,402592674
1713087062000000000,19,2,117.0,0.0,1.325391397788108,402592674
1713087064000000000,20,3,136.0,0.0,1.325391397788108,402592674
1713087065000000000,19,2,121.0,0.0,1.325391397788108,402592674
1713087066000000000,20,2,105.0,0.0,1.325391397788108,402592674
1713087067000000000,20,2,104.0,0.0,1.325391397788108,402592674
1713087068000000000,20,2,98.1,0.0,1.325391397788108,402592674
1713087069000000000,19,2,93.2,0.0,1.325391397788108,402592674
1713087071000000000,19,1,93.2,0.0,1.325391397788108,402592674
1713087072000000000,20,2,100.0,0.0,1.325391397788108,402592674
1713087073000000000,19,1,93.2,0.0,1.325391397788108,402592674
1713087074000000000,19,2,96.4,0.0,1.325391397788108,402592674
1713087075000000000,19,2,103.0,0.0,1.281207340781273,407562506
1713087076000000000,20,2,99.4,0.0,1.281207340781273,407562506
1713087078000000000,19,1,106.0,0.0,1.281207340781273,407562506
1713087079000000000,20,1,93.6,0.0,1.281207340781273,407562506
1713087080000000000,20,1,92.4,0.0,1.281207340781273,407562506
1713087081000000000,19,1,91.1,0.0,1.281207340781273,407562506
1713087084000000000,20,2,93.1,0.0,1.281207340781273,407562506
1713087085000000000,19,1,93.9,0.0,1.321754704576395,409704536
1713087086000000000,20,2,98.6,0.0,1.321754704576395,409704536
1713087089000000000,20,1,105.0,0.0,1.321754704576395,409704536
1713087090000000000,19,1,95.1,0.0,1.321754704576395,409704536
1713087091000000000,19,2,99.1,0.0,1.321754704576395,409704536
1713087092000000000,20,1,99.9,0.0,1.321754704576395,409704536
1713087093000000000,19,2,101.0,0.0,1.321754704576395,409704536
1713087095000000000,19,1,100.0,0.0,1.321754704576395,409704536
1713087096000000000,19,1,95.6,0.0,1.321754704576395,409704536
1713087099000000000,19,2,101.0,0.0,1.321754704576395,409704536
1713087100000000000,19,2,102.0,0.0,1.321754704576395,409704536
1713087102000000000,20,1,96.4,0.0,1.321754704576395,409704536
1713087103000000000,19,1,104.0,0.0,1.321754704576395,409704536
1713087104000000000,19,2,111.0,0.0,1.321754704576395,409704536
1713087106000000000,20,2,101.0,0.0,1.29774397851264,410188610
1713087107000000000,20,2,94.9,0.0,1.29774397851264,410188610
1713087109000000000,20,1,123.0,0.0,1.29774397851264,410188610
1713087110000000000,19,2,86.8,0.0,1.29774397851264,410188610
1713087111000000000,20,1,91.1,0.0,1.29774397851264,410188610
1713087112000000000,19,1,97.1,0.0,1.29774397851264,410188610
1713087113000000000,19,1,90.4,0.0,1.29774397851264,410188610
1713087114000000000,20,2,100.0,0.0,1.29774397851264,410188610
1713087115000000000,19,2,98.8,0.0,1.325897397373684,422774548
1713087116000000000,20,2,112.0,0.0,1.325897397373684,422774548
1713087117000000000,19,2,87.3,0.0,1.325897397373684,422774548
1713087120000000000,19,1,92.0,0.0,1.325897397373684,422774548
1713087121000000000,19,2,92.9,0.0,1.325897397373684,422774548
1713087123000000000,19,3,96.4,0.0,1.325897397373684,422774548
1713087124000000000,20,2,118.0,0.0,1.325897397373684,422774548
1713087125000000000,19,2,121.0,0.0,1.325897397373684,422774548
1713087126000000000,20,2,108.0,0.0,1.325897397373684,422774548
1713087127000000000,19,1,132.0,0.0,1.325897397373684,422774548
1713087128000000000,19,2,112.0,0.0,1.325897397373684,422774548
1713087129000000000,20,1,94.8,0.0,1.325897397373684,422774548
1713087131000000000,19,2,132.0,0.0,1.325897397373684,422774548
1713087132000000000,20,2,111.0,0.0,1.325897397373684,422774548
1713087134000000000,20,2,89.1,0.0,1.325897397373684,422774548
1713087135000000000,19,2,95.2,0.0,1.284009997949629,408026411
1713087137000000000,19,2,103.0,0.0,1.284009997949629,408026411
1713087138000000000,20,2,101.0,0.0,1.284009997949629,408026411
1713087141000000000,19,2,104.0,0.0,1.284009997949629,408026411
1713087142000000000,19,2,112.0,0.0,1.284009997949629,408026411
1713087143000000000,19,1,138.0,0.0,1.284009997949629,408026411
1713087144000000000,19,2,116.0,0.0,1.284009997949629,408026411
1713087145000000000,20,2,102.0,0.0,1.331138827098117,407671423
1713087146000000000,20,2,122.0,0.0,1.331138827098117,407671423
1713087147000000000,20,2,105.0,0.0,1.331138827098117,407671423
1713087148000000000,19,1,91.1,0.0,1.331138827098117,407671423
1713087149000000000,19,2,106.0,0.0,1.331138827098117,407671423
1713087150000000000,20,2,91.9,0.0,1.331138827098117,407671423
1713087152000000000,19,1,94.1,0.0,1.331138827098117,407671423
1713087153000000000,19,2,94.1,0.0,1.331138827098117,407671423
1713087154000000000,19,2,92.4,0.0,1.331138827098117,407671423
1713087155000000000,20,2,100.0,0.0,1.331138827098117,407671423
1713087156000000000,19,1,94.8,0.0,1.331138827098117,407671423
1713087157000000000,19,2,98.6,0.0,1.331138827098117,407671423
1713087158000000000,20,2,102.0,0.0,1.331138827098117,407671423
1713087159000000000,19,2,97.1,0.0,1.331138827098117,407671423
1713087160000000000,20,2,107.0,0.0,1.331138827098117,407671423
1713087161000000000,20,2,99.7,0.0,1.331138827098117,407671423
1713087162000000000,19,2,107.0,0.0,1.331138827098117,407671423
1713087164000000000,19,2,99.1,0.0,1.331138827098117,407671423
1713087165000000000,19,2,100.0,0.0,1.308159203077517,394093132
1713087166000000000,19,2,107.0,0.0,1.308159203077517,394093132
1713087168000000000,19,2,97.5,0.0,1.308159203077517,394093132
1713087169000000000,20,2,97.8,0.0,1.308159203077517,394093132
1713087172000000000,18,1,98.6,0.0,1.308159203077517,394093132
1713087173000000000,21,2,108.0,0.0,1.308159203077517,394093132
1713087174000000000,19,2,115.0,0.0,1.308159203077517,394093132
1713087175000000000,20,2,120.0,0.0,1.299890114516214,410523428
1713087178000000000,19,2,87.2,0.0,1.299890114516214,410523428
1713087179000000000,20,1,102.0,0.0,1.299890114516214,410523428
1713087180000000000,19,1,104.0,0.0,1.299890114516214,410523428
1713087181000000000,19,1,103.0,0.0,1.299890114516214,410523428
1713087182000000000,18,2,160.0,0.0,1.299890114516214,410523428
1713087183000000000,21,3,117.0,0.0,1.299890114516214,410523428
1713087184000000000,20,1,94.8,0.0,1.299890114516214,410523428
1713087186000000000,19,2,92.9,0.0,1.299890114516214,410523428
1713087187000000000,19,1,92.9,0.0,1.299890114516214,410523428
1713087188000000000,19,1,87.6,0.0,1.299890114516214,410523428
1713087189000000000,19,2,87.6,0.0,1.299890114516214,410523428
1713087190000000000,20,2,117.0,0.0,1.299890114516214,410523428
1713087191000000000,20,1,117.0,0.0,1.299890114516214,410523428
1713087193000000000,19,2,122.0,0.0,1.299890114516214,410523428
1713087194000000000,19,2,162.0,0.0,1.299890114516214,410523428
1713087195000000000,20,2,100.0,0.0,1.317579008691265,406888836
1713087196000000000,19,2,94.9,0.0,1.317579008691265,406888836
1713087197000000000,19,1,94.9,0.0,1.317579008691265,406888836
1713087198000000000,20,2,92.4,0.0,1.317579008691265,406888836
1713087199000000000,19,2,91.1,0.0,1.317579008691265,406888836
1713087200000000000,19,2,94.4,0.0,1.317579008691265,406888836
1713087201000000000,20,3,101.0,0.0,1.317579008691265,406888836
1713087202000000000,20,2,99.1,0.0,1.317579008691265,406888836
1713087204000000000,20,2,111.0,0.0,1.317579008691265,406888836
1713087205000000000,20,2,105.0,0.0,1.298868363688324,416876906
1713087206000000000,19,1,107.0,0.0,1.298868363688324,416876906
1713087208000000000,19,2,92.9,0.0,1.298868363688324,416876906
1713087209000000000,20,1,94.6,0.0,1.298868363688324,416876906
1713087212000000000,20,1,99.5,0.0,1.298868363688324,416876906
1713087213000000000,20,2,87.6,0.0,1.298868363688324,416876906
1713087214000000000,19,2,112.0,0.0,1.298868363688324,416876906
1713087215000000000,19,2,106.0,0.0,1.298868363688324,416876906
1713087216000000000,20,2,104.0,0.0,1.298868363688324,416876906
1713087218000000000,20,2,91.1,0.0,1.298868363688324,416876906
1713087219000000000,20,1,91.1,0.0,1.298868363688324,416876906
1713087220000000000,20,2,92.4,0.0,1.298868363688324,416876906
1713087221000000000,20,2,93.2,0.0,1.298868363688324,416876906
1713087222000000000,19,2,96.4,0.0,1.298868363688324,416876906
1713087223000000000,20,2,88.4,0.0,1.298868363688324,416876906
1713087224000000000,19,2,99.1,0.0,1.298868363688324,416876906
1713087226000000000,19,2,109.0,0.0,1.325395145241788,407058262
1713087227000000000,19,2,109.0,0.0,1.325395145241788,407058262
1713087229000000000,20,2,107.0,0.0,1.325395145241788,407058262
1713087230000000000,19,1,89.2,0.0,1.325395145241788,407058262
1713087231000000000,19,2,98.6,0.0,1.325395145241788,407058262
1713087232000000000,21,2,125.0,0.0,1.325395145241788,407058262
1713087234000000000,19,1,95.4,0.0,1.325395145241788,407058262
1713087235000000000,20,2,96.8,0.0,1.317022033760092,406743613
1713087237000000000,20,2,88.4,0.0,1.317022033760092,406743613
1713087238000000000,20,1,88.4,0.0,1.317022033760092,406743613
1713087239000000000,20,2,91.1,0.0,1.317022033760092,406743613
1713087240000000000,20,2,94.8,0.0,1.317022033760092,406743613
1713087241000000000,19,2,101.0,0.0,1.317022033760092,406743613
1713087242000000000,19,1,96.4,0.0,1.317022033760092,406743613
1713087244000000000,19,1,94.1,0.0,1.317022033760092,406743613
1713087245000000000,19,2,102.0,0.0,1.317022033760092,406743613
1713087246000000000,20,2,101.0,0.0,1.317022033760092,406743613
1713087247000000000,19,2,97.1,0.0,1.317022033760092,406743613
1713087249000000000,19,2,99.7,0.0,1.317022033760092,406743613
1713087250000000000,19,2,99.7,0.0,1.317022033760092,406743613
1713087251000000000,20,2,115.0,0.0,1.317022033760092,406743613
1713087252000000000,20,2,115.0,0.0,1.317022033760092,406743613
1713087254000000000,20,2,97.1,0.0,1.317022033760092,406743613
1713087255000000000,20,1,107.0,0.0,1.287597180863953,411035741
1713087256000000000,20,2,96.4,0.0,1.287597180863953,411035741
1713087257000000000,20,2,96.4,0.0,1.287597180863953,411035741
1713087258000000000,20,2,111.0,0.0,1.287597180863953,411035741
1713087259000000000,20,1,111.0,0.0,1.287597180863953,411035741
1713087261000000000,19,2,101.0,0.0,1.287597180863953,411035741
1713087262000000000,19,2,98.6,0.0,1.287597180863953,411035741
1713087263000000000,19,1,100.0,0.0,1.287597180863953,411035741
1713087264000000000,20,2,93.6,0.0,1.287597180863953,411035741
1713087267000000000,20,1,92.1,0.0,1.317052686647228,405654446
1713087268000000000,19,2,116.0,0.0,1.317052686647228,405654446
1713087269000000000,20,2,115.0,0.0,1.317052686647228,405654446
1713087270000000000,19,2,93.7,0.0,1.317052686647228,405654446
1713087273000000000,19,1,95.1,0.0,1.317052686647228,405654446
1713087274000000000,20,2,106.0,0.0,1.317052686647228,405654446
1713087275000000000,19,1,90.4,0.0,1.317052686647228,405654446
1713087277000000000,19,1,109.0,0.0,1.317052686647228,405654446
1713087278000000000,19,2,101.0,0.0,1.317052686647228,405654446
1713087281000000000,20,1,93.6,0.0,1.317052686647228,405654446
1713087282000000000,20,2,89.1,0.0,1.317052686647228,405654446
1713087284000000000,20,2,108.0,0.0,1.317052686647228,405654446
1713087285000000000,20,1,88.4,0.0,1.289501838081562,419172226
1713087287000000000,19,1,98.2,0.0,1.289501838081562,419172226
1713087288000000000,19,2,87.8,0.0,1.289501838081562,419172226
1713087289000000000,19,1,85.2,0.0,1.289501838081562,419172226
1713087290000000000,20,2,87.6,0.0,1.289501838081562,419172226
1713087292000000000,20,2,94.4,0.0,1.289501838081562,419172226
1713087293000000000,19,1,95.5,0.0,1.289501838081562,419172226
1713087296000000000,19,2,99.3,0.0,1.317331989438773,404779077
1713087297000000000,20,1,122.0,0.0,1.317331989438773,404779077
1713087298000000000,19,2,95.6,0.0,1.317331989438773,404779077
1713087299000000000,20,2,96.8,0.0,1.317331989438773,404779077
1713087300000000000,19,2,88.4,0.0,1.317331989438773,404779077
1713087301000000000,18,2,99.7,0.0,1.317331989438773,404779077
1713087302000000000,20,2,105.0,0.0,1.317331989438773,404779077
1713087303000000000,20,2,111.0,0.0,1.317331989438773,404779077
1713087304000000000,20,2,93.9,0.0,1.317331989438773,404779077
1713087305000000000,20,2,103.0,0.0,1.317331989438773,404779077
1713087308000000000,19,2,89.4,0.0,1.317331989438773,404779077
1713087309000000000,20,2,95.2,0.0,1.317331989438773,404779077
1713087310000000000,20,2,87.8,0.0,1.317331989438773,404779077
1713087311000000000,19,1,86.6,0.0,1.317331989438773,404779077
1713087312000000000,19,2,119.0,0.0,1.317331989438773,404779077
1713087313000000000,20,1,87.6,0.0,1.317331989438773,404779077
1713087315000000000,21,3,104.0,0.0,1.304089182851413,415763535
1713087316000000000,20,2,103.0,0.0,1.304089182851413,415763535
1713087317000000000,19,1,91.1,0.0,1.304089182851413,415763535
1713087318000000000,20,2,115.0,0.0,1.304089182851413,415763535
1713087321000000000,20,1,93.6,0.0,1.304089182851413,415763535
1713087322000000000,19,2,92.4,0.0,1.304089182851413,415763535
1713087325000000000,20,1,115.0,0.0,1.287153703990607,403944049
1713087326000000000,19,2,99.0,0.0,1.287153703990607,403944049
1713087327000000000,20,2,104.0,0.0,1.287153703990607,403944049
1713087330000000000,19,1,95.2,0.0,1.287153703990607,403944049
1713087331000000000,19,2,91.7,0.0,1.287153703990607,403944049
1713087332000000000,19,1,97.8,0.0,1.287153703990607,403944049
1713087333000000000,19,2,97.8,0.0,1.287153703990607,403944049
1713087334000000000,20,2,86.6,0.0,1.287153703990607,403944049
1713087335000000000,19,1,92.9,0.0,1.287153703990607,403944049
1713087336000000000,19,2,115.0,0.0,1.287153703990607,403944049
1713087337000000000,20,2,111.0,0.0,1.287153703990607,403944049
1713087338000000000,20,2,100.0,0.0,1.287153703990607,403944049
1713087339000000000,20,2,93.1,0.0,1.287153703990607,403944049
1713087340000000000,19,1,99.3,0.0,1.287153703990607,403944049
1713087342000000000,20,2,94.4,0.0,1.287153703990607,403944049
1713087343000000000,20,2,94.4,0.0,1.287153703990607,403944049
1713087344000000000,20,2,92.4,0.0,1.287153703990607,403944049
1713087345000000000,19,1,96.7,0.0,1.322575553709319,398183562
1713087348000000000,20,2,95.5,0.0,1.322575553709319,398183562
1713087349000000000,20,1,96.4,0.0,1.322575553709319,398183562
1713087351000000000,19,2,144.0,0.0,1.322575553709319,398183562
1713087352000000000,20,2,144.0,0.0,1.322575553709319,398183562
1713087354000000000,20,2,90.4,0.0,1.322575553709319,398183562
1713087355000000000,19,1,89.7,0.0,1.300976894393483,402883119
1713087356000000000,20,2,90.4,0.0,1.300976894393483,402883119
1713087357000000000,20,2,87.3,0.0,1.300976894393483,402883119
1713087358000000000,19,2,87.9,0.0,1.300976894393483,402883119
1713087359000000000,19,1,85.9,0.0,1.300976894393483,402883119
1713087361000000000,19,1,98.6,0.0,1.300976894393483,402883119
1713087362000000000,19,2,98.6,0.0,1.300976894393483,402883119
1713087363000000000,20,2,87.0,0.0,1.300976894393483,402883119
1713087364000000000,19,2,94.9,0.0,1.300976894393483,402883119
1713087365000000000,20,2,96.4,0.0,1.300976894393483,402883119
1713087366000000000,20,2,96.4,0.0,1.300976894393483,402883119
1713087368000000000,20,3,118.0,0.0,1.300976894393483,402883119
1713087369000000000,20,2,116.0,0.0,1.300976894393483,402883119
1713087370000000000,19,1,99.7,0.0,1.300976894393483,402883119
1713087371000000000,19,2,113.0,0.0,1.300976894393483,402883119
1713087372000000000,20,2,162.0,0.0,1.300976894393483,402883119
1713087373000000000,19,2,98.0,0.0,1.300976894393483,402883119
1713087374000000000,19,2,95.1,0.0,1.300976894393483,402883119
1713087375000000000,19,2,99.9,0.0,1.282838373794897,407856985
1713087377000000000,19,2,102.0,0.0,1.282838373794897,407856985
1713087378000000000,19,2,102.0,0.0,1.282838373794897,407856985
1713087379000000000,19,1,101.0,0.0,1.282838373794897,407856985
1713087380000000000,20,2,102.0,0.0,1.282838373794897,407856985
1713087383000000000,20,2,118.0,0.0,1.282838373794897,407856985
1713087384000000000,20,2,99.3,0.0,1.282838373794897,407856985
1713087385000000000,20,2,99.1,0.0,1.317662546571667,397739827
1713087386000000000,19,2,96.8,0.0,1.317662546571667,397739827
1713087388000000000,19,2,101.0,0.0,1.317662546571667,397739827
1713087389000000000,20,2,94.8,0.0,1.317662546571667,397739827
1713087390000000000,19,2,98.6,0.0,1.317662546571667,397739827
1713087391000000000,20,2,96.1,0.0,1.317662546571667,397739827
1713087392000000000,19,2,97.5,0.0,1.317662546571667,397739827
1713087393000000000,20,2,113.0,0.0,1.317662546571667,397739827
1713087396000000000,19,1,96.4,0.0,1.317662546571667,397739827
1713087397000000000,20,2,101.0,0.0,1.317662546571667,397739827
1713087398000000000,19,2,113.0,0.0,1.317662546571667,397739827
1713087400000000000,19,2,95.7,0.0,1.317662546571667,397739827
1713087401000000000,19,2,95.7,0.0,1.317662546571667,397739827
1713087402000000000,20,2,85.6,0.0,1.317662546571667,397739827
1713087403000000000,20,2,87.1,0.0,1.317662546571667,397739827
1713087404000000000,19,2,88.4,0.0,1.317662546571667,397739827
1713087406000000000,19,2,89.1,0.0,1.315172498037377,392124563
1713087407000000000,19,2,89.1,0.0,1.315172498037377,392124563
1713087408000000000,20,2,89.4,0.0,1.315172498037377,392124563
1713087409000000000,19,2,95.6,0.0,1.315172498037377,392124563
1713087412000000000,19,1,95.4,0.0,1.315172498037377,392124563
1713087413000000000,19,2,95.4,0.0,1.315172498037377,392124563
1713087414000000000,19,2,93.4,0.0,1.315172498037377,392124563
1713087417000000000,20,3,151.0,0.0,1.307469989907984,408704115
1713087418000000000,20,2,159.0,0.0,1.307469989907984,408704115
1713087419000000000,20,2,88.4,0.0,1.307469989907984,408704115
1713087420000000000,19,1,89.1,0.0,1.307469989907984,408704115
1713087421000000000,20,1,100.0,0.0,1.307469989907984,408704115
1713087422000000000,20,2,97.5,0.0,1.307469989907984,408704115
1713087423000000000,19,1,102.0,0.0,1.307469989907984,408704115
1713087424000000000,20,2,116.0,0.0,1.307469989907984,408704115
1713087426000000000,20,1,87.9,0.0,1.307469989907984,408704115
1713087427000000000,19,2,112.0,0.0,1.307469989907984,408704115
1713087428000000000,20,1,87.5,0.0,1.307469989907984,408704115
1713087429000000000,20,2,86.6,0.0,1.307469989907984,408704115
1713087430000000000,19,2,88.4,0.0,1.307469989907984,408704115
1713087433000000000,19,1,94.4,0.0,1.307469989907984,408704115
1713087434000000000,19,2,92.9,0.0,1.307469989907984,408704115
1713087435000000000,19,1,93.4,0.0,1.29917728546369,401402658
1713087436000000000,20,2,94.4,0.0,1.29917728546369,401402658
1713087437000000000,19,2,119.0,0.0,1.29917728546369,401402658
1713087439000000000,19,2,94.4,0.0,1.29917728546369,401402658
1713087440000000000,19,2,94.4,0.0,1.29917728546369,401402658
1713087442000000000,19,1,98.6,0.0,1.29917728546369,401402658
1713087443000000000,20,1,95.5,0.0,1.29917728546369,401402658
1713087444000000000,19,2,99.2,0.0,1.29917728546369,401402658
1713087445000000000,20,2,94.4,0.0,1.30364248061912,414791352
1713087446000000000,20,1,94.4,0.0,1.30364248061912,414791352
1713087448000000000,19,1,117.0,0.0,1.30364248061912,414791352
1713087449000000000,19,1,114.0,0.0,1.30364248061912,414791352
1713087450000000000,20,2,103.0,0.0,1.30364248061912,414791352
1713087453000000000,19,2,96.8,0.0,1.30364248061912,414791352
1713087454000000000,19,2,109.0,0.0,1.30364248061912,414791352
1713087455000000000,19,1,91.1,0.0,1.30364248061912,414791352
1713087456000000000,20,2,96.4,0.0,1.30364248061912,414791352
1713087457000000000,20,1,93.7,0.0,1.30364248061912,414791352
1713087459000000000,19,1,87.0,0.0,1.30364248061912,414791352
1713087460000000000,20,2,92.4,0.0,1.30364248061912,414791352
1713087461000000000,19,2,87.8,0.0,1.30364248061912,414791352
1713087463000000000,20,2,83.3,0.0,1.30364248061912,414791352
1713087464000000000,19,1,85.2,0.0,1.30364248061912,414791352
1713087465000000000,20,2,112.0,0.0,1.330461137963741,403217937
1713087466000000000,19,2,105.0,0.0,1.330461137963741,403217937
1713087467000000000,19,1,88.9,0.0,1.330461137963741,403217937
1713087470000000000,19,2,93.2,0.0,1.330461137963741,403217937
1713087471000000000,20,2,104.0,0.0,1.330461137963741,403217937
1713087472000000000,19,2,112.0,0.0,1.330461137963741,403217937
1713087473000000000,19,2,96.4,0.0,1.330461137963741,403217937
1713087474000000000,20,2,103.0,0.0,1.330461137963741,403217937
1713087475000000000,19,2,94.4,0.0,1.290224976573294,410842111
1713087476000000000,20,2,88.4,0.0,1.290224976573294,410842111
1713087477000000000,19,2,94.8,0.0,1.290224976573294,410842111
1713087478000000000,20,2,85.9,0.0,1.290224976573294,410842111
1713087479000000000,19,2,107.0,0.0,1.290224976573294,410842111
1713087482000000000,20,2,98.1,0.0,1.290224976573294,410842111
1713087483000000000,20,2,111.0,0.0,1.290224976573294,410842111
1713087485000000000,19,2,94.9,0.0,1.290224976573294,410842111
1713087486000000000,19,2,98.2,0.0,1.290224976573294,410842111
1713087487000000000,20,2,115.0,0.0,1.290224976573294,410842111
1713087489000000000,20,2,87.5,0.0,1.290224976573294,410842111
1713087490000000000,19,1,89.1,0.0,1.290224976573294,410842111
1713087493000000000,19,2,126.0,0.0,1.290224976573294,410842111
1713087494000000000,19,1,98.9,0.0,1.290224976573294,410842111
1713087495000000000,20,2,95.6,0.0,1.312013214565708,412548473
1713087496000000000,19,2,103.0,0.0,1.312013214565708,412548473
1713087497000000000,20,2,93.9,0.0,1.312013214565708,412548473
1713087498000000000,19,2,96.4,0.0,1.312013214565708,412548473
1713087499000000000,20,1,87.1,0.0,1.312013214565708,412548473
1713087501000000000,20,2,100.0,0.0,1.312013214565708,412548473
1713087502000000000,19,1,121.0,0.0,1.312013214565708,412548473
1713087503000000000,20,2,122.0,0.0,1.312013214565708,412548473
1713087504000000000,20,2,155.0,0.0,1.312013214565708,412548473
1713087505000000000,18,2,107.0,0.0,1.317721138340843,397800336
1713087506000000000,21,3,107.0,0.0,1.317721138340843,397800336
1713087507000000000,19,1,103.0,0.0,1.317721138340843,397800336
1713087510000000000,19,2,93.4,0.0,1.317721138340843,397800336
1713087511000000000,20,2,122.0,0.0,1.317721138340843,397800336
1713087512000000000,20,2,97.1,0.0,1.317721138340843,397800336
1713087513000000000,19,2,106.0,0.0,1.317721138340843,397800336
1713087515000000000,19,2,97.8,0.0,1.317721138340843,397800336
1713087516000000000,19,1,97.8,0.0,1.317721138340843,397800336
1713087517000000000,18,1,104.0,0.0,1.317721138340843,397800336
1713087518000000000,20,2,115.0,0.0,1.317721138340843,397800336
1713087521000000000,19,2,95.1,0.0,1.317721138340843,397800336
1713087522000000000,20,2,103.0,0.0,1.317721138340843,397800336
1713087523000000000,19,1,103.0,0.0,1.317721138340843,397800336
1713087525000000000,19,2,107.0,0.0,1.322081996110366,407409216
1713087526000000000,20,2,101.0,0.0,1.322081996110366,407409216
1713087527000000000,20,2,111.0,0.0,1.322081996110366,407409216
1713087528000000000,19,2,93.7,0.0,1.322081996110366,407409216
1713087530000000000,20,2,102.0,0.0,1.322081996110366,407409216
1713087531000000000,20,2,102.0,0.0,1.322081996110366,407409216
1713087532000000000,20,2,99.7,0.0,1.322081996110366,407409216
1713087533000000000,20,1,102.0,0.0,1.322081996110366,407409216
1713087534000000000,19,2,98.6,0.0,1.322081996110366,407409216
1713087535000000000,19,2,103.0,0.0,1.310733876531947,431661349
1713087536000000000,20,2,105.0,0.0,1.310733876531947,431661349
1713087537000000000,20,2,88.4,0.0,1.310733876531947,431661349
1713087539000000000,20,2,98.6,0.0,1.310733876531947,431661349
1713087540000000000,20,2,98.6,0.0,1.310733876531947,431661349
1713087542000000000,20,2,95.1,0.0,1.310733876531947,431661349
1713087543000000000,20,1,110.0,0.0,1.310733876531947,431661349
1713087544000000000,19,1,112.0,0.0,1.310733876531947,431661349
1713087545000000000,20,2,102.0,0.0,1.310733876531947,431661349
1713087546000000000,20,2,105.0,0.0,1.310733876531947,431661349
1713087547000000000,20,2,98.6,0.0,1.310733876531947,431661349
1713087549000000000,19,1,102.0,0.0,1.310733876531947,431661349
1713087550000000000,20,2,102.0,0.0,1.310733876531947,431661349
1713087551000000000,20,1,92.4,0.0,1.310733876531947,431661349
1713087552000000000,19,1,89.1,0.0,1.310733876531947,431661349
1713087553000000000,20,2,107.0,0.0,1.310733876531947,431661349
1713087556000000000,20,1,102.0,0.0,1.32045589853004,429023143
1713087557000000000,19,2,108.0,0.0,1.32045589853004,429023143
1713087558000000000,19,1,94.1,0.0,1.32045589853004,429023143
1713087559000000000,19,2,115.0,0.0,1.32045589853004,429023143
1713087560000000000,20,2,89.6,0.0,1.32045589853004,429023143
1713087562000000000,21,3,103.0,0.0,1.32045589853004,429023143
1713087563000000000,21,2,103.0,0.0,1.32045589853004,429023143
1713087565000000000,19,1,101.0,0.0,1.307301774551443,419757150
1713087566000000000,19,2,95.8,0.0,1.307301774551443,419757150
1713087567000000000,20,2,99.7,0.0,1.307301774551443,419757150
1713087568000000000,19,1,102.0,0.0,1.307301774551443,419757150
1713087570000000000,20,2,102.0,0.0,1.307301774551443,419757150
1713087571000000000,20,2,102.0,0.0,1.307301774551443,419757150
1713087572000000000,20,2,98.6,0.0,1.307301774551443,419757150
1713087573000000000,19,2,94.1,0.0,1.307301774551443,419757150
1713087576000000000,18,3,117.0,0.0,1.307301774551443,419757150
1713087577000000000,19,2,104.0,0.0,1.307301774551443,419757150
1713087578000000000,19,2,97.1,0.0,1.307301774551443,419757150
1713087580000000000,20,2,100.0,0.0,1.307301774551443,419757150
1713087581000000000,19,1,94.8,0.0,1.307301774551443,419757150
1713087582000000000,20,2,91.9,0.0,1.307301774551443,419757150
1713087583000000000,19,1,93.2,0.0,1.307301774551443,419757150
1713087584000000000,19,2,100.0,0.0,1.307301774551443,419757150
1713087586000000000,20,2,107.0,0.0,1.306870711025904,406102214
1713087587000000000,20,2,108.0,0.0,1.306870711025904,406102214
1713087588000000000,19,2,96.9,0.0,1.306870711025904,406102214
1713087589000000000,20,2,107.0,0.0,1.306870711025904,406102214
1713087590000000000,19,1,103.0,0.0,1.306870711025904,406102214
1713087591000000000,19,2,94.4,0.0,1.306870711025904,406102214
1713087594000000000,19,2,93.4,0.0,1.306870711025904,406102214
1713087595000000000,20,2,105.0,0.0,1.312702662087059,404440225
1713087596000000000,20,2,95.8,0.0,1.312702662087059,404440225
1713087597000000000,20,2,103.0,0.0,1.312702662087059,404440225
1713087598000000000,19,2,96.0,0.0,1.312702662087059,404440225
1713087599000000000,20,2,99.3,0.0,1.312702662087059,404440225
1713087600000000000,19,1,89.4,0.0,1.312702662087059,404440225
1713087601000000000,19,2,115.0,0.0,1.312702662087059,404440225
1713087604000000000,19,1,107.0,0.0,1.312702662087059,404440225
1713087605000000000,21,3,115.0,0.0,1.312702662087059,404440225
1713087606000000000,21,2,109.0,0.0,1.312702662087059,404440225
1713087608000000000,23,4,189.0,0.0,1.312702662087059,404440225
1713087609000000000,19,1,135.0,0.0,1.312702662087059,404440225
1713087610000000000,20,2,99.7,0.0,1.312702662087059,404440225
1713087611000000000,19,2,99.3,0.0,1.312702662087059,404440225
1713087613000000000,20,2,97.1,0.0,1.312702662087059,404440225
1713087614000000000,20,1,97.1,0.0,1.312702662087059,404440225
1713087615000000000,19,1,92.4,0.0,1.293095736119019,428809343
1713087616000000000,19,2,92.4,0.0,1.293095736119019,428809343
1713087618000000000,19,1,110.0,0.0,1.293095736119019,428809343
1713087619000000000,19,2,87.9,0.0,1.293095736119019,428809343
1713087621000000000,20,1,115.0,0.0,1.293095736119019,428809343
1713087622000000000,20,2,97.5,0.0,1.293095736119019,428809343
1713087623000000000,19,2,99.7,0.0,1.293095736119019,428809343
1713087624000000000,20,2,119.0,0.0,1.293095736119019,428809343
1713087625000000000,20,1,88.4,0.0,1.330493999595992,430785981
1713087627000000000,19,1,89.1,0.0,1.330493999595992,430785981
1713087628000000000,19,2,90.6,0.0,1.330493999595992,430785981
1713087629000000000,20,1,101.0,0.0,1.330493999595992,430785981
1713087630000000000,19,2,96.4,0.0,1.330493999595992,430785981
1713087631000000000,19,2,92.4,0.0,1.330493999595992,430785981
1713087633000000000,19,2,102.0,0.0,1.330493999595992,430785981
1713087634000000000,19,3,102.0,0.0,1.330493999595992,430785981
1713087636000000000,19,2,97.3,0.0,1.330493999595992,430785981
1713087637000000000,20,2,99.7,0.0,1.330493999595992,430785981
1713087638000000000,19,1,117.0,0.0,1.330493999595992,430785981
1713087639000000000,20,2,88.2,0.0,1.330493999595992,430785981
1713087641000000000,19,1,94.1,0.0,1.330493999595992,430785981
1713087642000000000,19,2,112.0,0.0,1.330493999595992,430785981
1713087643000000000,20,2,108.0,0.0,1.330493999595992,430785981
1713087644000000000,20,2,99.9,0.0,1.330493999595992,430785981
1713087645000000000,19,2,96.4,0.0,1.303044774927538,418579235
1713087646000000000,20,1,96.4,0.0,1.303044774927538,418579235
1713087649000000000,19,2,102.0,0.0,1.303044774927538,418579235
1713087650000000000,20,2,91.0,0.0,1.303044774927538,418579235
1713087652000000000,20,1,95.2,0.0,1.303044774927538,418579235
1713087653000000000,20,2,95.2,0.0,1.303044774927538,418579235
1713087654000000000,20,2,86.2,0.0,1.303044774927538,418579235
1713087655000000000,19,2,89.4,0.0,1.336171955025044,419563520
1713087658000000000,19,2,103.0,0.0,1.336171955025044,419563520
1713087659000000000,20,2,105.0,0.0,1.336171955025044,419563520
1713087660000000000,20,2,97.1,0.0,1.336171955025044,419563520
1713087661000000000,19,1,94.4,0.0,1.336171955025044,419563520
1713087662000000000,20,2,117.0,0.0,1.336171955025044,419563520
1713087664000000000,20,2,96.4,0.0,1.336171955025044,419563520
1713087665000000000,19,2,101.0,0.0,1.336171955025044,419563520
1713087666000000000,19,2,122.0,0.0,1.336171955025044,419563520
1713087668000000000,19,2,97.1,0.0,1.336171955025044,419563520
1713087669000000000,20,2,92.0,0.0,1.336171955025044,419563520
1713087670000000000,20,1,86.9,0.0,1.336171955025044,419563520
1713087671000000000,19,2,99.9,0.0,1.336171955025044,419563520
1713087672000000000,19,2,94.1,0.0,1.336171955025044,419563520
1713087674000000000,19,2,87.0,0.0,1.336171955025044,419563520
1713087675000000000,19,2,87.0,0.0,1.299865302105663,395412236
1713087676000000000,19,2,117.0,0.0,1.299865302105663,395412236
1713087677000000000,20,2,109.0,0.0,1.299865302105663,395412236
1713087680000000000,18,1,104.0,0.0,1.299865302105663,395412236
1713087681000000000,20,3,117.0,0.0,1.299865302105663,395412236
1713087682000000000,20,2,128.0,0.0,1.299865302105663,395412236
1713087683000000000,20,2,126.0,0.0,1.299865302105663,395412236
1713087684000000000,19,2,107.0,0.0,1.299865302105663,395412236
1713087686000000000,18,1,120.0,0.0,1.301364768547144,430511672
1713087687000000000,21,3,112.0,0.0,1.301364768547144,430511672
1713087689000000000,20,1,97.1,0.0,1.301364768547144,430511672
1713087690000000000,20,2,97.1,0.0,1.301364768547144,430511672
1713087691000000000,19,1,87.0,0.0,1.301364768547144,430511672
1713087692000000000,19,2,87.0,0.0,1.301364768547144,430511672
1713087694000000000,19,2,87.9,0.0,1.301364768547144,430511672
1713087695000000000,19,2,87.6,0.0,1.301364768547144,430511672
1713087696000000000,19,1,117.0,0.0,1.301364768547144,430511672
1713087697000000000,19,2,117.0,0.0,1.301364768547144,430511672
1713087699000000000,19,2,113.0,0.0,1.301364768547144,430511672
1713087700000000000,19,2,105.0,0.0,1.301364768547144,430511672
1713087701000000000,20,1,87.3,0.0,1.301364768547144,430511672
1713087702000000000,19,1,91.7,0.0,1.301364768547144,430511672
1713087704000000000,19,1,101.0,0.0,1.301364768547144,430511672
1713087705000000000,19,1,101.0,0.0,1.310583811536948,433500832
1713087707000000000,20,1,93.7,0.0,1.310583811536948,433500832
1713087708000000000,19,1,89.6,0.0,1.310583811536948,433500832
1713087709000000000,19,2,88.7,0.0,1.310583811536948,433500832
1713087710000000000,20,2,86.9,0.0,1.310583811536948,433500832
1713087711000000000,20,2,108.0,0.0,1.310583811536948,433500832
1713087714000000000,20,2,104.0,0.0,1.310583811536948,433500832
1713087715000000000,20,2,115.0,0.0,1.287703040971174,418655880
1713087717000000000,20,2,111.0,0.0,1.287703040971174,418655880
1713087718000000000,19,2,92.9,0.0,1.287703040971174,418655880
1713087720000000000,19,2,112.0,0.0,1.287703040971174,418655880
1713087721000000000,20,2,114.0,0.0,1.287703040971174,418655880
1713087723000000000,21,3,153.0,0.0,1.287703040971174,418655880
1713087724000000000,20,2,138.0,0.0,1.287703040971174,418655880
1713087726000000000,20,2,115.0,0.0,1.287703040971174,418655880
1713087727000000000,19,2,103.0,0.0,1.287703040971174,418655880
1713087730000000000,20,2,92.0,0.0,1.287703040971174,418655880
1713087731000000000,20,2,113.0,0.0,1.287703040971174,418655880
1713087733000000000,19,1,95.2,0.0,1.287703040971174,418655880
1713087734000000000,19,2,95.2,0.0,1.287703040971174,418655880
1713087736000000000,20,2,101.0,0.0,1.343488221490926,423597474
1713087737000000000,20,1,108.0,0.0,1.343488221490926,423597474
1713087738000000000,19,2,92.4,0.0,1.343488221490926,423597474
1713087739000000000,20,2,90.1,0.0,1.343488221490926,423597474
1713087740000000000,19,2,110.0,0.0,1.343488221490926,423597474
